[{"id":"1b9e3c34.edce34","type":"tab","label":"Flow 1","disabled":false,"info":""},{"id":"3ef92618.cd9c8a","type":"ui_text","z":"1b9e3c34.edce34","group":"ebdd72c3.e1eb9","order":2,"width":0,"height":0,"name":"","label":"Predicition","format":"Urea","layout":"row-spread","x":938.0000114440918,"y":386.0000047683716,"wires":[]},{"id":"ed31ce15.e8077","type":"ui_form","z":"1b9e3c34.edce34","name":"","label":"","group":"ebdd72c3.e1eb9","order":1,"width":0,"height":0,"options":[{"label":"temperature","value":"temperature","type":"number","required":true},{"label":"humidity","value":"humidity","type":"number","required":true},{"label":"moisture","value":"moisture","type":"number","required":true},{"label":"soiltype","value":"soiltype","type":"text","required":true},{"label":"croptype","value":"croptype","type":"text","required":true},{"label":"nitrogen","value":"nitrogen","type":"number","required":true},{"label":"potassium","value":"potassium","type":"number","required":true},{"label":"phosporous","value":"phosporous","type":"number","required":true}],"formValue":{"temperature":"","humidity":"","moisture":"","soiltype":"","croptype":"","nitrogen":"","potassium":"","phosporous":""},"payload":"","submit":"","cancel":"","topic":"","x":55,"y":431.0000057220459,"wires":[["bfa11ad9.1394f8"]]},{"id":"bfa11ad9.1394f8","type":"function","z":"1b9e3c34.edce34","name":"parameters","func":"global.set(\"temperature\",msg.payload.temperature)\nglobal.set(\"humidity\",msg.payload.humidity)\nglobal.set(\"moisture\",msg.payload.moisture)\nglobal.set(\"soiltype\",msg.payload.soiltype)\nglobal.set(\"croptype\",msg.payload.croptype)\nglobal.set(\"nitrogen\",msg.payload.nitrogen)\nglobal.set(\"potassium\",msg.payload.potassium)\nglobal.set(\"phosporous\",msg.payload.phosporous)\nreturn msg;","outputs":1,"noerr":0,"x":176,"y":178.00000524520874,"wires":[["af4773fb.ffd53"]]},{"id":"af4773fb.ffd53","type":"http request","z":"1b9e3c34.edce34","name":"","method":"GET","ret":"obj","paytoqs":false,"url":"https://eu-gb.ml.cloud.ibm.com/v3/identity/token","tls":"","proxy":"","authType":"basic","x":320.00000381469727,"y":527.0000076293945,"wires":[["4ca784b9.3723fc","3015c8ec.f6b2b8"]]},{"id":"4ca784b9.3723fc","type":"debug","z":"1b9e3c34.edce34","name":"","active":true,"tosidebar":true,"console":false,"tostatus":false,"complete":"false","x":507.0000190734863,"y":640.9999942779541,"wires":[]},{"id":"3997f5b5.b54e2a","type":"http request","z":"1b9e3c34.edce34","name":"","method":"POST","ret":"obj","paytoqs":false,"url":"https://eu-gb.ml.cloud.ibm.com/v3/wml_instances/a554b76f-b05f-44ed-b65a-5fa09a3f2880/deployments/30aa97e6-ae9c-49ee-8022-3b590074bfce/online","tls":"","proxy":"","authType":"basic","x":572.0000228881836,"y":230.00000667572021,"wires":[["cd108570.748d48","8b160aff.96ea88"]]},{"id":"cd108570.748d48","type":"debug","z":"1b9e3c34.edce34","name":"","active":true,"tosidebar":true,"console":false,"tostatus":false,"complete":"false","x":787.0000228881836,"y":81.00000762939453,"wires":[]},{"id":"8b160aff.96ea88","type":"function","z":"1b9e3c34.edce34","name":"","func":"msg.payload=msg.payload.values[0][0]\nreturn msg;","outputs":1,"noerr":0,"x":798.0000114440918,"y":258.00000381469727,"wires":[["3ef92618.cd9c8a"]]},{"id":"3015c8ec.f6b2b8","type":"function","z":"1b9e3c34.edce34","name":"prediction","func":"var token = msg.payload.token\nvar temperature=global.get('temperature')\nvar humidity=global.get('humidity')\nvar moisture=global.get('moisture')\nvar soiltype=global.get('soiltype')\nvar croptype=global.get('croptype')\nvar nitrogen=global.get('nitrogen')\nvar potassium=global.get('potassium')\nvar phosporous=global.get('phosporous')\nmsg.payload ={\"fields\":[\"temperature\",\"humidity\",\"moisture\",\"soiltype\",\"croptype\",\"nitrogen\",\"potassium\",\"phosporous\"],values:[[temperature,humidity,moisture,soiltype,croptype,nitrogen,potassium,phosporous]]}\nmsg.headers={\"Authorization\":\"Bearer \"+token}\nreturn msg;","outputs":1,"noerr":0,"x":469.0000057220459,"y":350.0000047683716,"wires":[["3997f5b5.b54e2a"]]},{"id":"ebdd72c3.e1eb9","type":"ui_group","z":"","name":"fertilizer prediction","tab":"d922074b.f11b88","disp":true,"width":"6","collapse":false},{"id":"d922074b.f11b88","type":"ui_tab","z":"","name":"Home","icon":"dashboard"}]